id,filePath
1,samples/BBA Resume Sample.pdf
2,samples/cv-example-1-en-gb.pdf
3,samples/Economics_Example_Resumes.2.pdf
4,samples/Economics_Example_Resumes.3.pdf
5,samples/Economics_Example_Resumes.4.pdf
6,samples/Economics_Example_Resumes.5.pdf
7,samples/Economics_Example_Resumes.6.pdf
8,samples/Economics_Example_Resumes.pdf
9,samples/functionalSample.pdf
10,samples/MUSA-resume-examples.pdf
11,samples/resume_computer_science.pdf
12,samples/sample-resumes_finance_1.pdf
13,samples/sample-resumes_scs_10.pdf
14,samples/sample-resumes_scs_11.pdf
15,samples/sample-resumes_scs_12.pdf
16,samples/sample-resumes_scs_13.pdf
17,samples/sample-resumes_scs_3.pdf
18,samples/sample-resumes_scs_5.pdf
19,samples/sample-resumes_scs_6.pdf
20,samples/sample-resumes_scs_8.pdf
21,samples/sample-resumes_scs_9.pdf
22,samples/SampleResume.pdf
23,samples/welder-resume-sample.pdf